memberID,name,address,email
100,John Doe,123 Main St,john.doe@example.com
101,Jane Smith,456 Oak St,jane.smith@example.com
102,Bob Johnson,789 Elm St,bob.johnson@example.com
103,Alice Williams,321 Pine St,alice.williams@example.com
104,Charlie Brown,654 Maple St,charlie.brown@example.com
105,Eva Rodriguez,987 Birch St,eva.rodriguez@example.com
106,David Lee,876 Cedar St,david.lee@example.com
107,Emily White,543 Spruce St,emily.white@example.com
108,Frank Martin,210 Fir St,frank.martin@example.com
109,Gina Taylor,135 Redwood St,gina.taylor@example.com
110,Henry Allen,768 Sequoia St,henry.allen@example.com
111,Isabel Davis,432 Juniper St,isabel.davis@example.com
112,Jackie Moore,987 Oakwood St,jackie.moore@example.com
113,Kevin Clark,654 Birchwood St,kevin.clark@example.com
114,Lisa Hall,321 Pineview St,lisa.hall@example.com
115,Mike Adams,876 Elmwood St,mike.adams@example.com
116,Nina Scott,543 Mapleview St,nina.scott@example.com
117,Oscar Turner,210 Cedarwood St,oscar.turner@example.com
118,Paula White,135 Firview St,paula.white@example.com
119,Quincy Robinson,768 Spruceview St,quincy.robinson@example.com
120,Rachel Brown,543 Oakview St,rachel.brown@example.com
121,Steve Turner,210 Birchview St,steve.turner@example.com
122,Tina Davis,135 Cedarview St,tina.davis@example.com
123,Victor Adams,768 Firwood St,victor.adams@example.com
124,Wendy Moore,432 Sprucewood St,wendy.moore@example.com
125,Xavier Robinson,987 Juniperwood St,xavier.robinson@example.com
126,Yvonne White,654 Oakwood St,yvonne.white@example.com
127,Zachary Hall,321 Birchwood St,zachary.hall@example.com
128,Abigail Turner,876 Cedarview St,abigail.turner@example.com
129,Billy Martin,543 Cedarwood St,billy.martin@example.com
130,Cynthia Taylor,210 Oakview St,cynthia.taylor@example.com131
131,TestUser,TestAddress,TestEmail
132,Nimesh,315/4,kandy,nim3xh@gmail.com
